,"H1[L=50,portfolio=btc]|base","H1[L=50,portfolio=btc]|stress","H1[L=50,portfolio=btc]|delay","H1[L=50,portfolio=top5]|base","H1[L=50,portfolio=top5]|stress","H1[L=50,portfolio=top5]|delay","H1[L=100,portfolio=btc]|base","H1[L=100,portfolio=btc]|stress","H1[L=100,portfolio=btc]|delay","H1[L=100,portfolio=top5]|base","H1[L=100,portfolio=top5]|stress","H1[L=100,portfolio=top5]|delay",H1[walk-forward]|base,H1[walk-forward]|stress,H1[walk-forward]|delay,H2[L=20]|base,H2[L=20]|stress,H2[L=20]|delay,H2[L=50]|base,H2[L=50]|stress,H2[L=50]|delay,H2[walk-forward]|base,H2[walk-forward]|stress,H2[walk-forward]|delay,H3[cadence=weekly]|base,H3[cadence=weekly]|stress,H3[cadence=weekly]|delay,H3[cadence=biweekly]|base,H3[cadence=biweekly]|stress,H3[cadence=biweekly]|delay,H3[walk-forward]|base,H3[walk-forward]|stress,H3[walk-forward]|delay,BTC_buy_hold|base,EW_monthly|base,BTC_buy_hold|stress,EW_monthly|stress,BTC_buy_hold|delay,EW_monthly|delay
2021-07-01 00:00:00+00:00,1.4800453368154307,1.3689747962854397,1.0796765900529233,2.2489487867034796,2.057756076402889,1.6274779570627507,-0.00853071885788199,-0.06641560620879114,-0.41849657078730346,1.2705631768642944,1.088124145726612,0.5144303924270275,-0.00853071885788199,-0.06641560620879114,-0.41849657078730346,-4.1179872761222995,-3.76336327644675,-4.326432216118399,-4.1179872761222995,-3.76336327644675,-4.326432216118399,-4.1179872761222995,-3.76336327644675,-4.326432216118399,-2.357766846092356,-2.659158023802322,-3.817814143950603,-2.7119068825610477,-2.9710707491748676,-3.2422680257428254,-2.357766846092356,-2.659158023802322,-3.817814143950603,1.9031847600061256,1.7867806924332497,1.854603631632449,1.701419890891965,1.851817892184279,1.7287307471149074
2021-10-01 00:00:00+00:00,1.7987199088605743,1.6495012065917438,1.274283628964316,2.57954906640308,2.387033388986849,2.6402013084068887,1.266412146868583,1.2061890564454527,1.3233052236543448,1.8346610333583269,1.6613492932984952,1.8776838487353535,2.6002879101400893,2.5194706469612953,2.226341571728985,-3.61433603945591,-3.779706489923449,-0.552482833637487,-3.61433603945591,-3.779706489923449,-0.6202819924964215,-3.61433603945591,-3.779706489923449,-0.552482833637487,-3.790559944235356,-3.9581355639867883,-1.9107745671604182,1.5655751595113743,1.3858581283383198,1.2917285515010222,-3.790559944235356,-3.9581355639867883,-1.9107745671604182,0.645920990848275,0.8937082815044096,0.6459209908482703,0.8333656174275756,0.6459209908482773,0.7199522516737533
2022-01-01 00:00:00+00:00,2.3057799607557277,2.0644008470895985,2.601782294081644,3.7051970982532,3.376514797313098,4.014829389254358,-2.1012354686851014,-2.4787915666303166,-2.525305058686982,1.3250496675411683,-2.86053803163595,1.769262062723264,2.305779960755725,2.0644008470895754,2.601782294081621,-2.0559756610721314,-2.899072425726761,-1.7837232270366281,-3.52429652849729,-3.219473502181554,-3.7992308641384978,-2.0559756610721314,-2.899072425726761,-1.7837232270366281,-2.5759248027554777,-2.7775432793810344,-2.6900192396891303,-2.575924802755476,-2.7775432793810477,-2.6900192396891294,-2.5759248027554777,-2.7775432793810344,-2.6900192396891303,0.24131627280777132,-1.0346767472947347,0.24131627280775794,-1.0940134637191958,0.24131627280776133,-1.0507360873622242
2022-04-01 00:00:00+00:00,-2.7143254906586325,-2.8380911152659816,-2.136386625076692,-2.417337126429957,-2.5326414909364217,-2.1698612722045443,-2.7153531517006044,-2.8389583297646714,-2.138597124240941,-1.6646878573602018,-3.6866269565248104,-0.9761768110187347,-3.4167508923653114,-3.5913018875981266,-2.9928484372039668,-3.4315733529771486,-3.6135120440998225,-3.367072061245148,-3.495303872737666,-3.6786406487552554,-3.042807224283215,-3.4315733529771486,-3.6135120440998225,-3.367072061245148,-3.1223398684578814,-3.3103903876611955,-2.3291437706324745,-2.378411064170878,-1.913271063709202,-1.1646119968455977,-2.37841106417087,-1.9132710637091996,-1.1646119968455917,-4.103226547141496,-3.4766133072080536,-4.1032265471414995,-3.5099499829492853,-4.103226547141502,-3.498659180909503
2022-07-01 00:00:00+00:00,-0.7092091872303309,-0.8727994321139804,-0.11557019445243809,-0.7564648352885143,-0.8751399135731155,0.06387551027088768,0.0,0.0,0.0,0.0,0.0,0.0,-0.7564648352885182,-0.875139913573116,0.06387551027089233,1.3401533083830517,1.1158065367245265,1.6582840947122233,0.8390304694381553,0.6105298058838217,0.4795209785900109,1.3401533083830517,1.1158065367245265,1.6582840947122233,0.5877355955500049,0.46861401610506814,-1.386818935663524,0.29157263141783096,0.012060369358707565,-0.788568644434686,0.29157263141782774,0.01206036935871402,-0.7885686444346908,0.1119276801192262,0.9175108386949757,0.11192768011923789,0.8550650527750554,0.11192768011923349,0.9622655786429616
2022-10-01 00:00:00+00:00,-2.279552190219641,-2.415436675302713,-2.059117501603098,-2.0539686103688215,-2.2324351072894397,-2.977113372830204,-2.511422617951913,-2.646605988849747,-2.153328153079718,-2.50129914718937,-2.658397358889801,-1.3131347341727575,-2.501299147189368,-2.658397358889799,-1.3131347341727548,-0.5486183425952535,-0.9121406195462723,-2.2061613465882157,-1.2864507391623925,-1.6693281550169883,-2.55881550514346,-0.5486183425952535,-0.9121406195462723,-2.2061613465882157,-0.8315309183420724,-1.2313205693767522,-2.5172155735738073,-0.5515481778213582,-0.7314602943951123,-1.2113285153305424,-0.5515481778213538,-0.7314602943951088,-1.211328515330548,-0.9680394530058837,-1.539580416231715,-0.9680394530058899,-1.584055449839042,-0.9680394530058868,-1.4873678895711386
2023-01-01 00:00:00+00:00,2.5997103614729773,2.357997120313212,2.6766494607444082,1.7795870199394261,1.533907514591189,1.8434193262712066,2.455333630317672,2.3821589428222176,2.331125372046159,-0.33732259826540206,-0.5006563869323064,-0.8364070663701333,1.7795870199394188,1.5339075145911756,1.8434193262712029,1.51301523265706,1.591182442658275,1.2923288579189052,1.6701739650817164,1.4371457407287196,1.2316939696819882,1.51301523265706,1.591182442658275,1.2923288579189052,1.6858869907356806,1.3705834632583147,1.20622325447076,1.4746830225673777,1.2082189091949824,2.1839597390948198,1.6858869907356764,1.3705834632583076,1.2062232544707545,4.206649193232667,2.270062277510488,4.206649193232674,2.1672173652067888,4.206649193232664,2.1952127712331033
2023-04-01 00:00:00+00:00,-0.22204597316695024,-0.4539393962835494,-0.5232076967951478,-0.7329608110609459,-1.1878607761576692,-1.177069553996747,-1.170494820216813,-1.3354217824200192,-1.1123300827283717,-0.6801972173154328,-0.9414141617777024,-1.2360772652468708,-1.1430069893999117,-1.3882373522142353,-0.9405593771131854,-1.092263781409629,-1.2044904746841456,-2.128685476561705,-1.1897156945962306,-0.755393085296651,-1.1769059101577846,-1.092263781409629,-1.2044904746841456,-2.128685476561705,-1.7734839315309605,-2.3604973868679378,-1.9496135115673143,-1.5555658510514472,-1.8417173119382073,-1.9548550737834292,-1.7734839315309443,-2.360497386867933,-1.9496135115673123,0.8650054607242349,-1.6658655511008333,0.8650054607242367,-1.7842962914405938,0.8650054607242221,-1.662891450693921
2023-07-01 00:00:00+00:00,-1.2643271870443695,-1.4520658780585165,-1.3088417875031473,-0.6347238851579518,-0.9016057585361316,-0.662956069083798,-2.7329187604972915,-2.8475355782923546,-2.7728280465617963,-2.693937455747371,-2.943800145546721,-2.659668589650005,-2.7329187604973018,-2.8475355782923533,-2.7728280465617368,-1.0542236228879132,-2.2586298610831372,-1.8393646313341068,-2.707321083440031,-3.15079647473061,-2.670576419134651,-1.0542236228879132,-2.2586298610831372,-1.8393646313341068,-1.0996653950701312,-0.8794760077997797,-0.7059732469196117,-0.4651207586632474,-0.7508924023589894,-1.0436411276711413,-1.099665395070125,-0.8794760077997921,-0.7059732469196208,-1.4298941746488847,-0.5954614132568486,-1.4298941746488847,-0.6945126851811327,-1.4298941746488822,-0.6004541345547111
2023-10-01 00:00:00+00:00,3.832233425555712,3.6113603998495742,3.931053889783009,4.786189919976627,-3.3985152795392257,4.913117559289252,3.3745286143496362,3.33832113783168,2.7442937642990355,4.402714680098089,4.298795147546202,3.6340854440444517,3.8322334255557013,3.6113603998496147,3.9310538897829654,-2.345434921380037,3.223315451826946,3.3689547145414984,4.909525690262991,4.694083928187583,4.81189311750465,-2.345434921380037,3.223315451826946,3.3689547145414984,5.321156972547289,4.9658286338343585,5.346711821873026,2.9154909285242354,2.6486990330079547,5.361226399252472,2.9154909285242403,2.6486990330079485,5.361226399252464,4.269606673468951,5.255592053220809,4.269606673468961,5.142556113298074,4.269606673468951,5.161441456740375
2024-01-01 00:00:00+00:00,2.588938494117778,2.579217628484879,2.665019016068177,2.5396332354228193,2.909813824315728,-0.7441690049224361,3.6847395335270123,3.6617061247045,3.7694255705011863,-1.470282974891438,-1.0128422051689454,-1.8556632294260953,3.0969285157054367,2.975243003563199,2.29522825284568,2.4802093252444717,-1.8820450093619472,0.14792252008146728,-0.7027203143441046,-0.8117083892977849,-0.861249463134691,-1.0085288868261333,-1.8820450093619472,0.14792252008146728,-2.608917240346706,-2.975601166404613,-2.0158978547607966,-3.429060668753444,-3.8399265805066225,-1.1352271680721362,-0.4898587802754048,-0.7387168389829475,-0.6186483132401949,3.7490332169685696,2.7732831024186195,3.74903321696856,2.7057249814453384,3.749033216968563,2.8321866667898985
2024-04-01 00:00:00+00:00,-1.8820957778235983,-2.206940631467073,-3.9702249508528022,-3.0989069724018856,-3.2000823890989336,-2.311286187016903,-1.5779311362427542,-1.8305254695241897,-2.2834652721563335,-2.957633893921308,-3.1998396837077063,-2.311286187016907,-3.098906972401887,-3.2000823890989305,-2.3554647065936223,-2.98671546322572,-3.5846012305159274,-3.6942802127622625,-3.2070598759471345,-3.4127138226063214,-2.439457109068122,-3.2070598759471323,-3.4127138226063183,-2.43945710906812,-2.7943957373804005,-3.000796131663177,-2.488752535535326,-2.7943957373804005,-3.000796131663173,-2.488752535535322,-2.794395737380402,-3.000796131663173,-2.488752535535318,-0.8403054506531281,-2.5087757744151364,-0.8403054506531329,-2.566353958878874,-0.840305450653119,-2.507981385433259
2024-07-01 00:00:00+00:00,-4.89494020580969,-5.310823763131106,-4.240956355309445,-3.6738086893069157,-3.851942319493639,-4.297375214918275,-4.894940205809747,-5.31082376313114,-4.240956355309441,-3.6738086893069095,-3.8519423194936366,-4.29737521491828,-3.673808689306917,-3.8519423194936313,-4.297375214918281,-2.6340821383915363,-3.069515566842728,-3.901283166103517,-2.6340821383915265,-3.069515566842735,-3.901283166103524,-2.634082138391527,-3.069515566842726,-3.901283166103521,-1.1639509694778953,-1.5699884109841467,-1.8931980869614902,-1.4423722171027595,-1.7659659576439937,-2.9836434482269953,-1.1639509694778942,-1.5699884109841495,-1.8931980869614762,0.3379902317500017,-0.08946748220877224,0.3379902317499942,-0.14025759362922902,0.33799023174999526,-0.09512034150813481
2024-10-01 00:00:00+00:00,3.312932315740882,3.2301093448495384,3.1192151782197706,4.522611865397649,4.357857444418833,4.0898331745704,3.3532682471686273,3.333288112402896,3.2428279418621653,4.522611865397645,4.357857444418831,4.089833174570401,4.522611865397646,4.357857444418837,4.089833174570403,2.9214318567664534,2.577637045651172,2.979317271508597,3.757627159452755,3.496455554031152,3.885154119071102,3.7576271594527624,3.496455554031154,3.8851541190711028,-1.4233250076656339,-1.6973097865122144,-1.085982477815269,-1.400716166033033,-1.6469644600331033,-1.2383967878813742,-1.4233250076656283,-1.6973097865122153,-1.085982477815275,3.3497745295767594,2.252173266312747,3.3497745295767567,2.1907253430138827,3.3497745295767634,2.320537282834807
2025-01-01 00:00:00+00:00,-2.039012618346409,-2.667880019155659,-2.178590517852023,-2.6417569230556714,-3.120421551053876,-3.762022044757367,0.3037306557758284,0.19626088656874716,0.2602613751175872,-0.9546732059707066,-1.1149468604276396,-0.6945506549111532,-2.641756923055664,-3.1204215510538638,-3.762022044757372,-3.897922329220521,-3.9089499852437264,-4.183478195062268,-4.007864835734646,-3.984924296525511,-4.034066304911114,-3.8979223292205107,-3.9089499852437233,-4.183478195062265,-3.5031258166985677,-3.71063486365436,-2.4994789680238814,-0.6960316013977832,-0.9177716402374734,0.2605125530115584,-3.503125816698566,-3.7106348636543562,-2.499478968023884,-0.7078115701986311,-2.6153451520112956,-0.7078115701986383,-2.658089642165381,-0.7078115701986245,-2.645746317054887
2025-04-01 00:00:00+00:00,2.0422967539222205,1.7194718166008716,2.3778417923380606,1.8221543514991385,1.6858431247612935,1.429687931912253,1.7937392043820533,1.6877401303886694,1.6065629261740704,0.19402624161311466,0.09490392227429192,-0.10520728620332116,0.19402624161312262,0.09490392227430076,-0.10520728620331782,-0.12108205859109906,-0.6235833992199784,-0.02149038036617586,-0.1899550339452955,-0.5546669215814999,-0.025756285845921555,-0.18995503394530716,-0.5546669215814964,-0.02575628584592347,-0.6432996423872124,-0.8157614974498978,-0.2793323730815228,-0.4881991649238684,-1.0016871488746766,0.20279664420216495,-0.48819916492386745,-1.001687148874682,0.20279664420217142,2.7010882081959973,0.8797683200214326,2.7010882081960004,0.8199923856497432,2.7010882081959915,0.9091873313510334
2025-07-01 00:00:00+00:00,0.12250844994351556,-0.22404515461975996,-0.1618742104615161,1.4183238837208247,1.1350883946779946,2.2526618539971803,-0.26582164265165886,-0.6015945127455786,0.1074720876842755,1.4322056476964296,1.1547599681242955,2.252661853997181,1.418323883720827,1.1350883946780028,2.2526618539971865,2.0371437031425677,1.6546400962472314,2.1544526860832933,1.0876593139945492,1.1965672507109368,1.2054764943985272,1.0876593139945434,1.1965672507109395,1.2054764943985343,1.9201410348779773,1.6465714608426079,2.084935409476998,0.416974946391835,0.2082062015113323,0.03583784475484661,0.41697494639183225,0.2082062015113337,0.035837844754853465,0.9878865038767641,0.8632789030443684,0.9878865038767554,0.7833429300804128,0.9878865038767685,0.8413671385800163
2025-10-01 00:00:00+00:00,-3.644825693642576,-4.149647517396592,-3.795650716028917,-2.3968922864656412,-2.6071077900365562,-3.016939216573422,-1.8838538909174265,-2.208279698213482,-2.00424802989551,-2.396892286465633,-2.607107790036558,-3.0169392165734177,-2.3968922864656355,-2.6071077900365545,-3.0169392165734146,-2.3968922864656412,-2.607107790036558,-3.0169392165734212,-2.3968922864656332,-2.6071077900365642,-3.016939216573416,-2.396892286465631,-2.607107790036559,-3.016939216573422,-0.8340533270381478,-1.0653457457179276,-0.9693706583686197,0.08813703358647867,-1.06158119126922,-0.26120961287707567,-0.8340533270381484,-1.065345745717927,-0.9693706583686262,-2.313656692446778,-2.7858957251076912,-2.313656692446773,-2.841281966411356,-2.3136566924467767,-2.751580985752162
2026-01-01 00:00:00+00:00,-3.054550656992813,-3.7236463999196165,-2.7086331186945616,-2.726338775080301,-3.069342887165931,-2.5261742917787133,0.0,0.0,0.0,0.0,0.0,0.0,-2.726338775080309,-3.069342887165922,-2.5261742917786996,-2.66097066776998,-3.064585606255486,-2.80803068517956,-2.75121581175107,-3.1189065511338483,-2.853012521363739,-2.6609706677699654,-3.0645856062554944,-2.8080306851795744,-2.3506565500981265,-2.558186973846829,-2.9600700014991808,-3.207825415402022,-3.40101005384134,-2.31502552455086,-3.2078254154020316,-3.4010100538413415,-2.315025524550854,-1.4091720326396908,-1.373966340849713,-1.4091720326397008,-1.450652561821288,-1.4091720326396988,-1.334721747891128
2026-04-01 00:00:00+00:00,0.7506013211722725,0.503504766790138,0.3066878980351467,-0.9826459569091308,-1.2134655531891558,-1.1261968474307535,-3.544247846483316,-3.721239918474628,-3.3478794393760305,-2.5403045272275713,-2.765801864473021,-3.1542363031169556,-3.5442478464833687,-3.7212399184746316,-3.347879439376138,0.5226757316017582,0.43448284560024564,-0.10990274561151081,0.8181150434277573,0.349934614802561,1.1622136649194899,0.522675731601758,0.4344828456002463,-0.10990274561150983,1.3480768102557916,1.046864326368456,0.8643849410042357,0.5113012746904768,0.21439125013609606,0.0959013377036385,1.3480768102557945,1.0468643263684536,0.8643849410042288,-1.4835724434419133,-1.0321616895397856,-1.4835724434419164,-1.1359212359073836,-1.483572443441909,-1.1134795150148986
